Country name,Region,year,Life Ladder,Log GDP per capita,Social support,Healthy life expectancy at birth,Freedom to make life choices,Generosity,Perceptions of corruption
Afghanistan,Asia,2014,3.131,7.671,0.526,52.3,0.509,0.102,0.871
Afghanistan,Asia,2015,3.983,7.654,0.529,52.6,0.389,0.078,0.881
Afghanistan,Asia,2016,4.22,7.65,0.559,52.925,0.523,0.04,0.793
Afghanistan,Asia,2017,2.662,7.648,0.491,53.25,0.427,-0.123,0.954
Afghanistan,Asia,2018,2.694,7.631,0.508,53.575,0.374,-0.095,0.928
Afghanistan,Asia,2019,2.375,7.64,0.42,53.9,0.394,-0.109,0.924
Afghanistan,Asia,2021,2.436,7.325,0.454,54.55,0.394,-0.085,0.946
Afghanistan,Asia,2022,1.281,,0.228,54.875,0.368,,0.733
Afghanistan,Asia,2023,1.446,,0.368,55.2,0.228,,0.738
Armenia,Asia,2014,4.453,9.315,0.739,65.76,0.506,-0.225,0.92
Armenia,Asia,2015,4.348,9.351,0.723,66,0.551,-0.209,0.901
Armenia,Asia,2016,4.325,9.357,0.709,66.275,0.611,-0.178,0.921
Armenia,Asia,2017,4.288,9.434,0.698,66.55,0.614,-0.155,0.865
Armenia,Asia,2018,5.062,9.49,0.814,66.825,0.808,-0.171,0.677
Armenia,Asia,2019,5.488,9.569,0.782,67.1,0.844,-0.181,0.583
Armenia,Asia,2021,5.301,9.561,0.762,67.65,0.795,-0.159,0.705
Armenia,Asia,2022,5.382,9.683,0.811,67.925,0.79,-0.158,0.705
Armenia,Asia,2023,5.679,9.73,0.819,68.2,0.819,-0.179,0.681
Bangladesh,Asia,2014,4.636,8.323,0.577,63.28,0.736,-0.115,0.789
Bangladesh,Asia,2015,4.633,8.375,0.601,63.8,0.815,-0.085,0.721
Bangladesh,Asia,2016,4.556,8.431,0.649,63.925,0.875,-0.105,0.688
Bangladesh,Asia,2017,4.31,8.483,0.713,64.05,0.896,-0.004,0.635
Bangladesh,Asia,2018,4.499,8.542,0.706,64.175,0.901,-0.059,0.701
Bangladesh,Asia,2019,5.114,8.607,0.673,64.3,0.902,-0.067,0.656
Bangladesh,Asia,2020,5.28,8.629,0.739,64.425,0.777,-0.025,0.742
Bangladesh,Asia,2021,4.123,8.685,0.485,64.55,0.893,0.089,0.746
Bangladesh,Asia,2022,3.408,8.742,0.404,64.675,0.865,-0.058,0.617
Bangladesh,Asia,2023,4.114,8.783,0.45,64.8,0.919,0.019,0.756
Bhutan,Asia,2014,4.939,9.143,0.88,62.42,0.834,0.264,0.65
Bhutan,Asia,2015,5.082,9.198,0.848,62.6,0.83,0.273,0.634
Cambodia,Asia,2014,3.883,8.125,0.693,60.36,0.938,0.234,0.843
Cambodia,Asia,2015,4.162,8.179,0.729,60.7,0.956,0.204,0.825
Cambodia,Asia,2016,4.461,8.233,0.746,60.9,0.958,0.07,0.84
Cambodia,Asia,2017,4.586,8.287,0.765,61.1,0.964,0.082,0.821
Cambodia,Asia,2018,5.122,8.347,0.795,61.3,0.958,0.029,
Cambodia,Asia,2019,4.998,8.404,0.759,61.5,0.957,0.007,0.828
Cambodia,Asia,2020,4.377,8.361,0.724,61.7,0.963,0.047,0.863
Cambodia,Asia,2021,4.555,8.379,0.713,61.9,0.965,0.012,0.844
Cambodia,Asia,2022,4.25,8.419,0.784,62.1,0.946,0.151,0.86
Cambodia,Asia,2023,4.221,8.462,0.738,62.3,0.961,0.07,0.799
China,Asia,2014,5.196,9.38,0.82,67.74,,-0.222,
China,Asia,2015,5.304,9.442,0.794,68,,-0.25,
China,Asia,2016,5.325,9.503,0.742,68.125,,-0.233,
China,Asia,2017,5.099,9.564,0.772,68.25,0.878,-0.18,
China,Asia,2018,5.131,9.625,0.788,68.375,0.895,-0.164,
China,Asia,2019,5.144,9.679,0.822,68.5,0.927,-0.178,
China,Asia,2020,5.771,9.699,0.808,68.625,0.891,-0.109,
China,Asia,2021,5.863,9.779,0.856,68.75,0.875,0.02,
China,Asia,2023,6.145,9.861,0.797,69,0.793,-0.032,
Hong Kong S.A.R. of China,Asia,2014,5.458,10.939,0.834,,0.843,0.218,0.423
Hong Kong S.A.R. of China,Asia,2016,5.498,10.97,0.832,,0.8,0.094,0.403
Hong Kong S.A.R. of China,Asia,2017,5.362,10.999,0.831,,0.831,0.134,0.416
Hong Kong S.A.R. of China,Asia,2019,5.659,10.995,0.856,,0.727,0.062,0.432
Hong Kong S.A.R. of China,Asia,2020,5.295,10.931,0.813,,0.705,-0.076,0.38
Hong Kong S.A.R. of China,Asia,2021,5.322,11.003,0.821,,0.669,0.021,0.39
Hong Kong S.A.R. of China,Asia,2022,5.311,10.976,0.803,,0.697,0.04,0.383
India,Asia,2014,4.424,8.531,0.621,58.74,0.809,-0.031,0.832
India,Asia,2015,4.342,8.596,0.61,59.1,0.777,-0.01,0.776
India,Asia,2016,4.179,8.664,0.614,59.4,0.82,0.041,0.765
India,Asia,2017,4.046,8.718,0.607,59.7,0.886,-0.046,0.781
India,Asia,2018,3.818,8.77,0.638,60,0.89,0.08,0.805
India,Asia,2019,3.249,8.797,0.561,60.3,0.876,0.108,0.752
India,Asia,2020,4.224,8.728,0.616,60.6,0.906,0.068,0.78
India,Asia,2021,3.558,8.806,0.57,60.9,0.866,0.052,0.757
India,Asia,2022,3.93,8.867,0.608,61.2,0.893,0.085,0.771
India,Asia,2023,4.676,8.919,0.633,61.5,0.9,0.121,0.77
Indonesia,Asia,2014,5.597,9.186,0.905,62.08,0.719,0.403,0.97
Indonesia,Asia,2015,5.043,9.222,0.809,62.3,0.779,0.466,0.946
Indonesia,Asia,2016,5.136,9.261,0.792,62.425,0.83,0.494,0.89
Indonesia,Asia,2017,5.098,9.3,0.796,62.55,0.865,0.482,0.9
Indonesia,Asia,2018,5.34,9.341,0.809,62.675,0.879,0.506,0.868
Indonesia,Asia,2019,5.347,9.381,0.802,62.8,0.866,0.549,0.861
Indonesia,Asia,2020,4.828,9.351,0.751,62.925,0.853,0.529,0.914
Indonesia,Asia,2021,5.433,9.381,0.817,63.05,0.885,0.54,0.845
Indonesia,Asia,2022,5.585,9.426,0.834,63.175,0.903,0.516,0.862
Indonesia,Asia,2023,5.695,9.466,0.781,63.3,0.9,0.59,0.866
Japan,Asia,2014,5.923,10.59,0.9,73.48,0.838,-0.146,0.617
Japan,Asia,2015,5.88,10.607,0.923,73.6,0.832,-0.162,0.654
Japan,Asia,2016,5.955,10.615,0.9,73.725,0.836,-0.069,0.698
Japan,Asia,2017,5.911,10.632,0.882,73.85,0.849,-0.213,0.659
Japan,Asia,2018,5.794,10.64,0.886,73.975,0.773,-0.268,0.687
Japan,Asia,2019,5.908,10.637,0.878,74.1,0.806,-0.261,0.617
Japan,Asia,2020,6.118,10.596,0.887,74.225,0.806,-0.266,0.609
Japan,Asia,2021,6.091,10.622,0.896,74.35,0.801,-0.213,0.67
Japan,Asia,2022,6.178,10.637,0.899,74.475,0.789,-0.237,0.643
Japan,Asia,2023,5.91,10.654,0.842,74.6,0.777,-0.222,0.594
Kazakhstan,Asia,2014,5.97,10.101,0.795,62.8,0.799,-0.002,0.805
Kazakhstan,Asia,2015,5.95,10.098,0.931,63.4,0.74,-0.043,0.714
Kazakhstan,Asia,2016,5.534,10.095,0.928,63.8,0.783,-0.042,0.702
Kazakhstan,Asia,2017,5.882,10.121,0.914,64.2,0.745,-0.041,0.755
Kazakhstan,Asia,2018,6.008,10.148,0.937,64.6,0.84,-0.104,0.824
Kazakhstan,Asia,2019,6.272,10.179,0.951,65,0.852,-0.061,0.708
Kazakhstan,Asia,2020,6.168,10.141,0.966,65.4,0.872,-0.062,0.661
Kazakhstan,Asia,2021,6.26,10.17,0.906,65.8,0.807,0.034,0.782
Kazakhstan,Asia,2022,6.006,10.169,0.923,66.2,0.883,0.022,0.72
Kazakhstan,Asia,2023,6.299,10.172,0.929,66.6,0.901,0.05,0.812
Kyrgyzstan,Asia,2014,5.252,8.46,0.898,63.28,0.736,0.35,0.897
Kyrgyzstan,Asia,2015,4.905,8.477,0.857,63.7,0.813,0.194,0.858
Kyrgyzstan,Asia,2016,4.857,8.5,0.914,64.225,0.814,0.051,0.917
Kyrgyzstan,Asia,2017,5.63,8.526,0.883,64.75,0.859,0.138,0.874
Kyrgyzstan,Asia,2018,5.297,8.543,0.898,65.275,0.945,0.262,0.907
Kyrgyzstan,Asia,2019,5.685,8.568,0.877,65.8,0.92,-0.008,0.885
Kyrgyzstan,Asia,2020,6.25,8.461,0.902,66.325,0.935,0.101,0.931
Kyrgyzstan,Asia,2021,5.564,8.504,0.904,66.85,0.918,0.199,0.903
Kyrgyzstan,Asia,2022,5.668,8.555,0.927,67.375,0.948,0.23,0.876
Kyrgyzstan,Asia,2023,5.91,8.573,0.946,67.9,0.943,0.145,0.899
Laos,Asia,2017,4.623,8.883,0.707,59.9,0.891,0.068,0.592
Laos,Asia,2018,4.859,8.929,0.705,60.2,0.907,0.136,0.634
Laos,Asia,2019,5.197,8.967,0.729,60.5,0.906,0.055,0.62
Laos,Asia,2020,5.284,8.957,0.66,60.8,0.915,0.136,0.748
Laos,Asia,2021,4.927,8.968,0.65,61.1,0.927,0.037,0.668
Laos,Asia,2022,4.962,8.981,0.659,61.4,0.891,0.091,0.706
Laos,Asia,2023,5.486,9.005,0.678,61.7,0.904,0.099,0.724
Malaysia,Asia,2014,5.963,10.057,0.863,65.72,0.808,0.235,0.845
Malaysia,Asia,2015,6.322,10.092,0.818,65.8,0.675,0.218,0.838
Malaysia,Asia,2018,5.339,10.197,0.789,65.725,0.875,0.123,0.894
Malaysia,Asia,2019,5.428,10.228,0.842,65.7,0.916,0.119,0.782
Malaysia,Asia,2020,6.014,10.159,0.797,65.675,0.878,0.096,0.747
Malaysia,Asia,2021,6.01,10.179,0.794,65.65,0.878,0.218,0.769
Malaysia,Asia,2022,6.048,10.251,0.815,65.625,0.957,0.208,0.789
Malaysia,Asia,2023,5.868,10.283,0.779,65.6,0.965,0.154,0.754
Maldives,Asia,2018,5.198,9.893,0.913,69.775,0.855,0.013,
Mongolia,Asia,2014,4.825,9.315,0.943,59.48,0.752,0.14,0.909
Mongolia,Asia,2015,4.983,9.318,0.906,59.9,0.686,0.167,0.9
Mongolia,Asia,2016,5.057,9.311,0.947,60,0.76,0.083,0.9
Mongolia,Asia,2017,5.334,9.344,0.924,60.1,0.675,0.112,0.865
Mongolia,Asia,2018,5.465,9.397,0.942,60.2,0.696,0.048,0.849
Mongolia,Asia,2019,5.563,9.43,0.946,60.3,0.711,0.142,0.873
Mongolia,Asia,2020,6.011,9.365,0.918,60.4,0.718,0.138,0.843
Mongolia,Asia,2021,5.721,9.365,0.927,60.5,0.667,0.215,0.851
Mongolia,Asia,2022,5.788,9.397,0.951,60.6,0.717,0.211,0.847
Mongolia,Asia,2023,5.58,9.433,0.938,60.7,0.699,0.22,0.871
Myanmar,Asia,2014,4.786,8.205,0.774,59.12,0.87,0.7,0.592
Myanmar,Asia,2015,4.224,8.229,0.752,59.6,0.808,0.692,0.633
Myanmar,Asia,2016,4.623,8.321,0.793,59.925,0.877,0.68,0.607
Myanmar,Asia,2017,4.154,8.369,0.795,60.25,0.886,0.651,0.619
Myanmar,Asia,2018,4.411,8.424,0.774,60.575,0.906,0.492,0.647
Myanmar,Asia,2019,4.434,8.483,0.763,60.9,0.899,0.56,0.682
Myanmar,Asia,2020,4.431,8.507,0.796,61.225,0.825,0.468,0.647
Myanmar,Asia,2021,4.314,8.302,0.78,61.55,0.631,0.508,0.671
Myanmar,Asia,2022,4.359,8.325,0.746,61.875,0.646,0.6,0.729
Myanmar,Asia,2023,4.391,8.347,0.685,62.2,0.695,0.548,0.686
Nepal,Asia,2014,4.975,8.056,0.786,60.14,0.712,0.108,0.841
Nepal,Asia,2015,4.812,8.089,0.748,60.2,0.763,0.214,0.824
Nepal,Asia,2016,5.1,8.085,0.837,60.475,0.839,0.155,0.817
Nepal,Asia,2017,4.737,8.159,0.816,60.75,0.845,0.12,0.77
Nepal,Asia,2018,4.91,8.221,0.768,61.025,0.77,0.107,0.742
Nepal,Asia,2019,5.449,8.274,0.772,61.3,0.79,0.152,0.712
Nepal,Asia,2020,5.982,8.233,0.787,61.575,0.772,0.135,0.812
Nepal,Asia,2021,4.622,8.257,0.699,61.85,0.818,0.144,0.77
Nepal,Asia,2022,5.474,8.294,0.753,62.125,0.844,0.149,0.76
Nepal,Asia,2023,5.389,8.318,0.749,62.4,0.765,0.184,0.792
Pakistan,Asia,2014,5.436,8.39,0.552,55.54,0.543,0.131,0.677
Pakistan,Asia,2015,4.823,8.423,0.562,55.8,0.587,0.076,0.717
Pakistan,Asia,2016,5.549,8.465,0.627,56.075,0.634,0.084,0.793
Pakistan,Asia,2017,5.831,8.495,0.69,56.35,0.713,0.035,0.714
Pakistan,Asia,2018,5.472,8.54,0.685,56.625,0.773,0.058,0.799
Pakistan,Asia,2019,4.443,8.548,0.617,56.9,0.685,0.112,0.776
Pakistan,Asia,2020,4.624,8.518,0.594,57.175,0.767,0.003,0.833
Pakistan,Asia,2021,4.487,8.563,0.608,57.45,0.764,0.007,0.743
Pakistan,Asia,2022,4.931,8.604,0.59,57.725,0.745,0,0.865
Pakistan,Asia,2023,4.549,8.588,0.553,58,0.661,0.07,0.889
Philippines,Asia,2014,5.313,8.842,0.813,61.84,0.902,-0.02,0.787
Philippines,Asia,2015,5.547,8.887,0.854,61.9,0.912,-0.056,0.755
Philippines,Asia,2016,5.431,8.938,0.821,61.925,0.908,-0.076,0.792
Philippines,Asia,2017,5.594,8.987,0.851,61.95,0.926,-0.146,0.711
Philippines,Asia,2018,5.869,9.032,0.846,61.975,0.918,-0.112,0.726
Philippines,Asia,2019,6.268,9.075,0.845,62,0.91,-0.087,0.748
Philippines,Asia,2020,5.08,8.958,0.781,62.025,0.932,-0.114,0.744
Philippines,Asia,2021,5.965,8.999,0.778,62.05,0.905,-0.012,0.721
Philippines,Asia,2022,5.995,9.057,0.819,62.075,0.952,-0.155,0.757
Philippines,Asia,2023,6.184,9.102,0.796,62.1,0.932,-0.038,0.768
Qatar,Asia,2015,6.375,11.532,,66.4,,,
Russia,Asia,2014,6.037,10.168,0.932,62.26,0.744,-0.27,0.869
Russia,Asia,2015,5.996,10.146,0.924,62.7,0.685,-0.177,0.913
Russia,Asia,2016,5.855,10.146,0.911,63.075,0.714,-0.187,0.925
Russia,Asia,2017,5.579,10.163,0.896,63.45,0.731,-0.151,0.862
Russia,Asia,2018,5.514,10.191,0.909,63.825,0.729,-0.153,0.865
Russia,Asia,2019,5.441,10.213,0.91,64.2,0.715,-0.122,0.848
Russia,Asia,2020,5.495,10.188,0.887,64.575,0.714,-0.078,0.823
Russia,Asia,2021,5.448,10.247,0.862,64.95,0.671,0.053,0.808
Russia,Asia,2022,6.044,10.225,0.92,65.325,0.776,-0.074,0.767
Russia,Asia,2023,5.865,10.209,0.854,65.7,0.75,0.056,0.733
Singapore,Asia,2014,7.062,11.382,0.822,73.02,0.835,0.148,0.133
Singapore,Asia,2015,6.62,11.399,0.866,73.2,0.887,0.144,0.099
Singapore,Asia,2016,6.033,11.422,0.925,73.3,0.904,0.137,0.047
Singapore,Asia,2017,6.378,11.465,0.897,73.4,0.926,0.129,0.162
Singapore,Asia,2018,6.375,11.496,0.903,73.5,0.916,-0.073,0.097
Singapore,Asia,2019,6.378,11.497,0.925,73.6,0.938,0.02,0.07
Singapore,Asia,2021,6.587,11.587,0.876,73.8,0.879,0.06,0.145
Singapore,Asia,2022,6.333,11.59,0.852,73.9,0.873,0.088,
Singapore,Asia,2023,6.654,,0.916,74,0.861,,0.153
South Korea,Asia,2014,5.801,10.544,0.738,71.78,0.623,-0.049,0.834
South Korea,Asia,2015,5.78,10.567,0.768,72,0.616,-0.041,0.841
South Korea,Asia,2016,5.971,10.592,0.811,72.275,0.591,0.02,0.862
South Korea,Asia,2017,5.874,10.62,0.807,72.55,0.538,0.008,0.851
South Korea,Asia,2018,5.84,10.645,0.798,72.825,0.6,-0.095,0.797
South Korea,Asia,2019,5.903,10.663,0.783,73.1,0.706,-0.061,0.718
South Korea,Asia,2020,5.793,10.655,0.808,73.375,0.711,-0.112,0.665
South Korea,Asia,2021,6.113,10.697,0.811,73.65,0.717,-0.033,0.685
South Korea,Asia,2022,5.95,10.725,0.81,73.925,0.723,0.002,0.747
South Korea,Asia,2023,6.112,10.742,0.799,74.2,0.762,-0.004,0.714
Sri Lanka,Asia,2014,4.268,9.373,0.805,66.12,0.868,0.291,0.791
Sri Lanka,Asia,2015,4.612,9.41,0.863,66.6,0.902,0.312,0.859
Sri Lanka,Asia,2017,4.331,9.514,0.823,66.8,0.827,0.083,0.844
Sri Lanka,Asia,2018,4.435,9.529,0.833,66.9,0.859,0.096,0.856
Sri Lanka,Asia,2019,4.213,9.521,0.815,67,0.824,0.043,0.863
Sri Lanka,Asia,2020,4.778,9.468,0.842,67.1,0.803,-0.05,0.768
Sri Lanka,Asia,2021,4.103,9.492,0.812,67.2,0.771,-0.013,0.849
Sri Lanka,Asia,2022,3.985,9.409,0.825,67.3,0.74,0.038,0.9
Sri Lanka,Asia,2023,3.602,9.364,0.79,67.4,0.754,0.05,0.922
Syria,Asia,2015,3.462,8.492,0.464,56.3,0.448,0.036,0.685
Taiwan Province of China,Asia,2014,6.363,10.749,0.87,,0.693,0.089,0.866
Taiwan Province of China,Asia,2015,6.45,10.779,0.885,,0.701,0.017,0.857
Taiwan Province of China,Asia,2016,6.513,10.768,0.895,,0.719,-0.049,0.811
Taiwan Province of China,Asia,2017,6.359,10.774,0.891,,0.76,-0.07,0.743
Taiwan Province of China,Asia,2018,6.467,10.781,0.896,,0.741,-0.179,0.736
Taiwan Province of China,Asia,2019,6.537,10.797,0.893,,0.814,-0.131,0.718
Taiwan Province of China,Asia,2020,6.751,,0.901,,0.799,,0.711
Taiwan Province of China,Asia,2021,6.247,,0.866,,0.818,,0.675
Taiwan Province of China,Asia,2022,6.607,,0.883,,0.8,,0.658
Taiwan Province of China,Asia,2023,6.655,,0.872,,0.795,,0.641
Tajikistan,Asia,2014,4.896,7.958,0.81,61.3,0.853,-0.007,0.698
Tajikistan,Asia,2015,5.124,7.993,0.844,61.4,0.847,0.013,0.742
Tajikistan,Asia,2016,5.104,8.036,0.857,61.55,0.703,0.001,0.632
Tajikistan,Asia,2017,5.829,8.082,0.663,61.7,0.832,0.116,0.718
Tajikistan,Asia,2018,5.497,8.133,0.875,61.85,,-0.074,0.578
Tajikistan,Asia,2019,5.464,8.182,0.88,62,,-0.054,0.49
Tajikistan,Asia,2020,5.373,8.203,0.79,62.15,,-0.054,0.55
Tajikistan,Asia,2021,5.287,8.271,0.883,62.3,,-0.071,0.499
Tajikistan,Asia,2022,5.176,8.328,0.865,62.45,,-0.003,0.397
Tajikistan,Asia,2023,5.379,8.371,0.871,62.6,,-0.054,0.482
Thailand,Asia,2014,6.985,9.649,0.933,67.82,0.9,0.548,0.92
Thailand,Asia,2015,6.202,9.675,0.866,68,0.885,0.312,0.914
Thailand,Asia,2016,6.074,9.705,0.908,68.075,0.924,0.352,0.878
Thailand,Asia,2017,5.939,9.741,0.877,68.15,0.923,0.208,0.884
Thailand,Asia,2018,6.012,9.78,0.873,68.225,0.905,0.255,0.907
Thailand,Asia,2019,6.022,9.798,0.903,68.3,0.898,0.305,0.877
Thailand,Asia,2020,5.885,9.733,0.867,68.375,0.84,0.27,0.918
Thailand,Asia,2021,5.638,9.746,0.883,68.45,0.836,0.29,0.943
Thailand,Asia,2022,6.007,9.77,0.867,68.525,0.881,0.299,0.868
Thailand,Asia,2023,6.282,9.807,0.873,68.6,0.926,0.338,0.889
Turkmenistan,Asia,2014,5.787,9.392,0.909,61.38,0.805,0.029,
Turkmenistan,Asia,2015,5.791,9.437,0.96,61.7,0.701,0.09,
Turkmenistan,Asia,2016,5.887,9.479,0.929,61.8,0.749,0.002,
Turkmenistan,Asia,2017,5.229,9.525,0.908,61.9,0.72,0.063,
Turkmenistan,Asia,2018,4.621,9.569,0.984,62,0.858,0.257,
Turkmenistan,Asia,2019,5.474,9.615,0.982,62.1,0.892,0.282,
Uzbekistan,Asia,2014,6.049,8.712,0.952,63.26,0.954,0.052,0.536
Uzbekistan,Asia,2015,5.972,8.764,0.968,63.5,0.98,0.366,0.471
Uzbekistan,Asia,2016,5.893,8.804,0.945,63.8,0.984,0.199,
Uzbekistan,Asia,2017,6.421,8.831,0.942,64.1,0.985,0.114,0.465
Uzbekistan,Asia,2018,6.205,8.87,0.921,64.4,0.97,0.308,0.52
Uzbekistan,Asia,2019,6.154,8.91,0.915,64.7,0.97,0.295,0.511
Uzbekistan,Asia,2020,5.842,8.91,0.85,65,0.928,0.19,0.642
Uzbekistan,Asia,2021,6.185,8.962,0.896,65.3,0.927,0.183,0.662
Uzbekistan,Asia,2022,6.016,8.996,0.879,65.6,0.959,0.306,0.616
Uzbekistan,Asia,2023,6.385,9.026,0.909,65.9,0.927,0.247,0.65
Vietnam,Asia,2014,5.085,8.941,0.792,64.82,,-0.022,
Vietnam,Asia,2015,5.076,8.999,0.849,64.9,,0.064,
Vietnam,Asia,2016,5.062,9.053,0.876,65,0.894,-0.112,0.799
Vietnam,Asia,2017,5.175,9.111,,65.1,,,
Vietnam,Asia,2018,5.296,9.173,0.832,65.2,0.909,-0.063,0.808
Vietnam,Asia,2019,5.467,9.235,0.848,65.3,0.952,-0.148,0.788
Vietnam,Asia,2020,5.462,9.254,0.765,65.4,0.945,0.063,0.791
Vietnam,Asia,2021,5.54,9.271,0.799,65.5,0.897,0.104,0.798
Vietnam,Asia,2022,6.267,9.341,0.879,65.6,0.975,-0.182,0.703
Vietnam,Asia,2023,6.325,9.392,0.845,65.7,0.956,-0.159,0.655
,,,,,,,,,
Albania,Europe,2014,4.814,9.358,0.626,68.72,0.735,-0.029,0.883
Albania,Europe,2015,4.607,9.382,0.639,69,0.704,-0.085,0.885
Albania,Europe,2016,4.511,9.417,0.638,69.025,0.73,-0.021,0.901
Albania,Europe,2017,4.64,9.455,0.638,69.05,0.75,-0.033,0.876
Albania,Europe,2018,5.004,9.497,0.684,69.075,0.824,0.005,0.899
Albania,Europe,2019,4.995,9.522,0.686,69.1,0.777,-0.103,0.914
Albania,Europe,2020,5.365,9.494,0.71,69.125,0.754,0.002,0.891
Albania,Europe,2021,5.255,9.588,0.702,69.15,0.827,0.039,0.896
Albania,Europe,2022,5.212,9.649,0.724,69.175,0.802,-0.07,0.846
Albania,Europe,2023,5.445,9.689,0.691,69.2,0.872,0.068,0.855
Austria,Europe,2014,6.95,10.877,0.899,70.3,0.885,0.112,0.567
Austria,Europe,2015,7.076,10.876,0.928,70.4,0.9,0.093,0.557
Austria,Europe,2016,7.048,10.885,0.926,70.525,0.889,0.074,0.524
Austria,Europe,2017,7.294,10.9,0.906,70.65,0.89,0.128,0.518
Austria,Europe,2018,7.396,10.919,0.912,70.775,0.904,0.048,0.523
Austria,Europe,2019,7.195,10.93,0.964,70.9,0.903,0.054,0.457
Austria,Europe,2020,7.213,10.859,0.925,71.025,0.912,0.004,0.464
Austria,Europe,2021,7.08,10.899,0.863,71.15,0.795,0.158,0.501
Austria,Europe,2022,6.999,10.938,0.876,71.275,0.856,0.137,0.524
Austria,Europe,2023,6.636,10.93,0.874,71.4,0.874,0.209,0.529
Azerbaijan,Europe,2014,5.252,9.607,0.799,62.82,0.733,-0.214,0.654
Azerbaijan,Europe,2015,5.147,9.606,0.786,63.1,0.764,-0.203,0.616
Azerbaijan,Europe,2016,5.304,9.563,0.777,63.225,0.713,-0.21,0.607
Azerbaijan,Europe,2017,5.152,9.555,0.787,63.35,0.731,-0.231,0.653
Azerbaijan,Europe,2018,5.168,9.562,0.781,63.475,0.772,-0.237,0.561
Azerbaijan,Europe,2019,5.173,9.578,0.887,63.6,0.854,-0.22,0.457
Azerbaijan,Europe,2022,4.576,9.619,0.665,63.975,0.8,0.075,0.696
Azerbaijan,Europe,2023,5.214,9.637,0.713,64.1,0.829,-0.16,0.627
Belarus,Europe,2014,5.812,9.858,0.88,64.54,0.647,-0.054,0.682
Belarus,Europe,2015,5.719,9.818,0.924,65.1,0.623,-0.097,0.669
Belarus,Europe,2016,5.178,9.792,0.927,65.325,0.658,-0.131,0.664
Belarus,Europe,2017,5.553,9.818,0.9,65.55,0.621,-0.128,0.654
Belarus,Europe,2018,5.234,9.851,0.905,65.775,0.644,-0.181,0.718
Belarus,Europe,2019,5.821,9.867,0.917,66,0.657,-0.192,0.546
Belgium,Europe,2014,6.855,10.794,0.944,69.84,0.861,-0.005,0.512
Belgium,Europe,2015,6.904,10.809,0.885,70,0.869,0.056,0.469
Belgium,Europe,2016,6.949,10.816,0.929,70.15,0.866,-0.062,0.497
Belgium,Europe,2017,6.928,10.829,0.922,70.3,0.857,0.049,0.543
Belgium,Europe,2018,6.892,10.842,0.93,70.45,0.808,-0.13,0.63
Belgium,Europe,2019,6.772,10.859,0.884,70.6,0.776,-0.178,0.672
Belgium,Europe,2020,6.839,10.799,0.904,70.75,0.767,-0.172,0.634
Belgium,Europe,2021,6.882,10.856,0.915,70.9,0.823,0.077,0.523
Belgium,Europe,2022,6.857,10.881,0.923,71.05,0.89,0.095,0.483
Belgium,Europe,2023,6.944,10.883,0.896,71.2,0.87,0.065,0.522
Bosnia and Herzegovina,Europe,2014,5.249,9.373,0.788,67,0.412,0.229,0.976
Bosnia and Herzegovina,Europe,2015,5.117,9.428,0.656,67,0.631,-0.058,0.96
Bosnia and Herzegovina,Europe,2016,5.181,9.473,0.808,67.05,0.633,0.13,0.957
Bosnia and Herzegovina,Europe,2017,5.09,9.517,0.775,67.1,0.564,0.087,0.923
Bosnia and Herzegovina,Europe,2018,5.887,9.566,0.836,67.15,0.659,0.118,0.913
Bosnia and Herzegovina,Europe,2019,6.016,9.606,0.873,67.2,0.722,0.074,0.963
Bosnia and Herzegovina,Europe,2020,5.516,9.588,0.899,67.25,0.74,0.132,0.916
Bosnia and Herzegovina,Europe,2021,5.749,9.674,0.86,67.3,0.759,0.274,0.921
Bosnia and Herzegovina,Europe,2022,5.872,9.723,0.856,67.35,0.743,0.191,0.933
Bosnia and Herzegovina,Europe,2023,6.009,9.759,0.879,67.4,0.847,0.241,0.948
Bulgaria,Europe,2014,4.438,9.863,0.886,65.76,0.576,-0.062,0.955
Bulgaria,Europe,2015,4.865,9.903,0.908,65.9,0.637,-0.207,0.941
Bulgaria,Europe,2016,4.838,9.94,0.926,66,0.7,-0.177,0.936
Bulgaria,Europe,2017,5.097,9.974,0.942,66.1,0.689,-0.16,0.911
Bulgaria,Europe,2018,5.099,10.008,0.924,66.2,0.724,-0.182,0.952
Bulgaria,Europe,2019,5.108,10.055,0.948,66.3,0.822,-0.115,0.943
Bulgaria,Europe,2020,5.598,10.02,0.916,66.4,0.818,-0.012,0.901
Bulgaria,Europe,2021,5.422,10.102,0.884,66.5,0.841,-0.018,0.891
Bulgaria,Europe,2022,5.378,10.197,0.953,66.6,0.741,-0.152,0.942
Bulgaria,Europe,2023,5.59,10.273,0.935,66.7,0.754,-0.131,0.948
Croatia,Europe,2014,5.381,10.091,0.646,67.78,0.519,0.125,0.918
Croatia,Europe,2015,5.205,10.124,0.768,67.9,0.694,-0.104,0.849
Croatia,Europe,2016,5.417,10.166,0.798,68.075,0.672,-0.072,0.884
Croatia,Europe,2017,5.343,10.211,0.77,68.25,0.716,-0.112,0.892
Croatia,Europe,2018,5.536,10.248,0.91,68.425,0.691,-0.158,0.925
Croatia,Europe,2019,5.626,10.287,0.936,68.6,0.739,-0.145,0.932
Croatia,Europe,2020,6.508,10.202,0.923,68.775,0.837,-0.071,0.961
Croatia,Europe,2021,6.287,10.367,0.918,68.95,0.842,0.001,0.934
Croatia,Europe,2022,5.579,10.435,0.91,69.125,0.593,-0.213,0.875
Croatia,Europe,2023,5.958,10.462,0.909,69.3,0.573,-0.205,0.81
Cyprus,Europe,2014,5.627,10.411,0.77,71.44,0.715,0.054,0.868
Cyprus,Europe,2015,5.439,10.451,0.77,71.6,0.628,0.107,0.893
Cyprus,Europe,2016,5.795,10.51,0.786,71.8,0.756,-0.036,0.898
Cyprus,Europe,2017,6.062,10.556,0.819,72,0.812,0.036,0.851
Cyprus,Europe,2018,6.276,10.599,0.826,72.2,0.794,-0.031,0.848
Cyprus,Europe,2019,6.137,10.639,0.776,72.4,0.74,-0.018,0.865
Cyprus,Europe,2020,6.26,10.583,0.806,72.6,0.763,-0.086,0.816
Cyprus,Europe,2021,6.269,10.638,0.855,72.8,0.718,-0.038,0.876
Cyprus,Europe,2022,5.865,10.683,0.82,73,0.698,0.008,0.887
Cyprus,Europe,2023,6.071,,0.803,73.2,0.73,,0.84
Czechia,Europe,2014,6.484,10.445,0.878,68.18,0.8,-0.174,0.897
Czechia,Europe,2015,6.608,10.496,0.911,68.3,0.808,-0.152,0.886
Czechia,Europe,2016,6.736,10.519,0.931,68.425,0.85,-0.204,0.9
Czechia,Europe,2017,6.79,10.567,0.901,68.55,0.832,-0.183,0.867
Czechia,Europe,2018,7.034,10.595,0.929,68.675,0.79,-0.299,0.851
Czechia,Europe,2020,6.897,10.562,0.964,68.925,0.906,-0.135,0.884
Czechia,Europe,2021,6.942,10.615,0.95,69.05,0.891,0.157,0.863
Czechia,Europe,2022,6.695,10.637,0.944,69.175,0.908,0.093,0.831
Czechia,Europe,2023,6.827,10.639,0.927,69.3,0.906,0.025,0.832
Denmark,Europe,2014,7.508,10.86,0.956,70.28,0.942,0.112,0.237
Denmark,Europe,2015,7.514,10.876,0.96,70.5,0.941,0.216,0.191
Denmark,Europe,2016,7.558,10.9,0.954,70.625,0.948,0.132,0.21
Denmark,Europe,2017,7.594,10.922,0.952,70.75,0.955,0.149,0.181
Denmark,Europe,2018,7.649,10.936,0.958,70.875,0.935,0.012,0.151
Denmark,Europe,2019,7.693,10.948,0.958,71,0.963,0.015,0.174
Denmark,Europe,2020,7.515,10.924,0.947,71.125,0.938,0.045,0.214
Denmark,Europe,2021,7.699,10.968,0.945,71.25,0.933,0.13,0.173
Denmark,Europe,2022,7.545,10.997,0.97,71.375,0.93,0.222,0.203
Denmark,Europe,2023,7.504,10.996,0.916,71.5,0.923,0.089,0.184
Estonia,Europe,2014,5.556,10.325,0.917,68.02,0.773,-0.158,0.652
Estonia,Europe,2015,5.629,10.343,0.918,68.3,0.815,-0.169,0.569
Estonia,Europe,2016,5.65,10.374,0.938,68.525,0.843,-0.155,0.639
Estonia,Europe,2017,5.938,10.429,0.936,68.75,0.862,-0.107,0.668
Estonia,Europe,2018,6.091,10.463,0.933,68.975,0.886,-0.147,0.621
Estonia,Europe,2019,6.035,10.496,0.934,69.2,0.887,-0.101,0.576
Estonia,Europe,2020,6.453,10.488,0.958,69.425,0.954,-0.09,0.398
Estonia,Europe,2021,6.554,10.564,0.946,69.65,0.926,0.046,0.441
Estonia,Europe,2022,6.357,10.541,0.933,69.875,0.904,0.136,0.39
Estonia,Europe,2023,6.43,10.517,0.958,70.1,0.915,0.032,0.334
Finland,Europe,2014,7.385,10.714,0.952,70.48,0.933,-0.007,0.265
Finland,Europe,2015,7.448,10.716,0.948,70.7,0.93,0.105,0.223
Finland,Europe,2016,7.66,10.741,0.954,70.775,0.948,-0.033,0.25
Finland,Europe,2017,7.788,10.77,0.964,70.85,0.962,-0.008,0.192
Finland,Europe,2018,7.858,10.78,0.962,70.925,0.938,-0.133,0.199
Finland,Europe,2019,7.78,10.791,0.937,71,0.948,-0.058,0.195
Finland,Europe,2020,7.889,10.766,0.962,71.075,0.962,-0.123,0.164
Finland,Europe,2021,7.794,10.794,0.97,71.15,0.963,-0.039,0.192
Finland,Europe,2022,7.729,10.811,0.974,71.225,0.959,0.101,0.19
Finland,Europe,2023,7.699,10.808,0.947,71.3,0.943,-0.001,0.185
France,Europe,2014,6.467,10.669,0.878,71.6,0.803,-0.124,0.656
France,Europe,2015,6.358,10.677,0.896,71.7,0.817,-0.145,0.641
France,Europe,2016,6.475,10.685,0.885,71.8,0.787,-0.097,0.623
France,Europe,2017,6.635,10.705,0.931,71.9,0.834,-0.129,0.601
France,Europe,2018,6.666,10.72,0.921,72,0.816,-0.143,0.582
France,Europe,2019,6.69,10.735,0.958,72.1,0.827,-0.139,0.568
France,Europe,2020,6.714,10.651,0.947,72.2,0.823,-0.176,0.565
France,Europe,2021,6.656,10.714,0.915,72.3,0.837,-0.104,0.561
France,Europe,2022,6.614,10.737,0.866,72.4,0.798,-0.027,0.533
France,Europe,2023,6.557,10.742,0.85,72.5,0.776,0.01,0.558
Georgia,Europe,2014,4.288,9.414,0.558,64.1,0.72,-0.239,0.416
Georgia,Europe,2015,4.122,9.442,0.517,64.2,0.64,-0.21,0.502
Georgia,Europe,2016,4.448,9.47,0.533,64.325,0.606,-0.255,0.561
Georgia,Europe,2017,4.451,9.517,0.59,64.45,0.821,-0.25,0.59
Georgia,Europe,2018,4.659,9.565,0.617,64.575,0.775,-0.238,0.755
Georgia,Europe,2019,4.892,9.615,0.675,64.7,0.811,-0.265,0.647
Georgia,Europe,2020,5.123,9.544,0.718,64.825,0.764,-0.225,0.583
Georgia,Europe,2021,4.911,9.648,0.671,64.95,0.777,-0.29,0.723
Georgia,Europe,2022,5.293,9.743,0.754,65.075,0.821,-0.255,0.655
Georgia,Europe,2023,5.351,9.785,0.779,65.2,0.877,-0.268,0.706
Germany,Europe,2014,6.984,10.837,0.938,70.08,0.899,0.082,0.474
Germany,Europe,2015,7.037,10.843,0.926,70.1,0.889,0.172,0.412
Germany,Europe,2016,6.874,10.857,0.906,70.3,0.871,0.142,0.446
Germany,Europe,2017,7.074,10.879,0.892,70.5,0.841,0.139,0.414
Germany,Europe,2018,7.118,10.886,0.92,70.7,0.877,0.028,0.496
Germany,Europe,2019,7.035,10.894,0.886,70.9,0.885,0.051,0.462
Germany,Europe,2020,7.312,10.856,0.905,71.1,0.864,-0.068,0.424
Germany,Europe,2021,6.755,10.881,0.868,71.3,0.778,0.074,0.418
Germany,Europe,2022,6.608,10.889,0.916,71.5,0.895,0.08,0.417
Germany,Europe,2023,6.792,10.878,0.895,71.7,0.845,0.106,0.46
Greece,Europe,2014,4.756,10.245,0.832,70.32,0.369,-0.293,0.93
Greece,Europe,2015,5.623,10.249,0.835,70.4,0.532,-0.277,0.824
Greece,Europe,2016,5.303,10.248,0.803,70.525,0.482,-0.265,0.898
Greece,Europe,2017,5.148,10.261,0.753,70.65,0.438,-0.295,0.872
Greece,Europe,2018,5.409,10.28,0.794,70.775,0.564,-0.34,0.86
Greece,Europe,2019,5.952,10.3,0.891,70.9,0.614,-0.293,0.848
Greece,Europe,2020,5.788,10.207,0.779,71.025,0.565,-0.246,0.764
Greece,Europe,2021,6.104,10.294,0.85,71.15,0.574,-0.161,0.752
Greece,Europe,2022,5.9,10.358,0.875,71.275,0.563,-0.318,0.874
Greece,Europe,2023,5.796,10.387,0.818,71.4,0.589,-0.223,0.805
Hungary,Europe,2014,5.181,10.184,0.845,66.44,0.494,-0.156,0.855
Hungary,Europe,2015,5.344,10.223,0.859,66.6,0.558,-0.204,0.908
Hungary,Europe,2016,5.449,10.248,0.9,66.75,0.554,-0.193,0.924
Hungary,Europe,2017,6.065,10.292,0.877,66.9,0.661,-0.145,0.886
Hungary,Europe,2018,5.936,10.346,0.941,67.05,0.693,-0.249,0.911
Hungary,Europe,2019,6,10.393,0.947,67.2,0.798,-0.201,0.884
Hungary,Europe,2020,6.038,10.349,0.943,67.35,0.771,-0.127,0.836
Hungary,Europe,2021,6.227,10.423,0.948,67.5,0.727,-0.046,0.832
Hungary,Europe,2022,5.861,10.47,0.937,67.65,0.776,-0.009,0.848
Hungary,Europe,2023,5.965,10.473,0.954,67.8,0.755,-0.002,0.847
Iceland,Europe,2015,7.498,10.862,0.98,71.9,0.94,0.294,0.639
Iceland,Europe,2016,7.51,10.909,0.985,71.925,0.952,0.274,0.719
Iceland,Europe,2017,7.476,10.927,0.967,71.95,0.939,0.24,0.727
Iceland,Europe,2019,7.533,10.943,0.982,72,0.959,,0.699
Iceland,Europe,2020,7.575,10.852,0.983,72.025,0.949,0.152,0.644
Iceland,Europe,2021,7.565,10.878,0.98,72.05,0.923,0.257,0.664
Iceland,Europe,2022,7.449,10.916,0.985,72.075,0.936,0.222,0.692
Iceland,Europe,2023,7.562,10.934,0.979,72.1,0.918,0.299,0.697
Ireland,Europe,2014,7.018,10.971,0.968,70.58,0.922,0.257,0.406
Ireland,Europe,2015,6.83,11.18,0.953,70.7,0.892,0.226,0.409
Ireland,Europe,2016,7.041,11.189,0.958,70.8,0.875,0.169,0.399
Ireland,Europe,2017,7.06,11.264,0.943,70.9,0.905,0.21,0.337
Ireland,Europe,2018,6.962,11.334,0.938,71,0.861,0.138,0.362
Ireland,Europe,2019,7.255,11.373,0.944,71.1,0.892,0.067,0.373
Ireland,Europe,2020,7.035,11.423,0.96,71.2,0.882,0,0.356
Ireland,Europe,2021,6.828,11.54,0.85,71.3,0.846,0.131,0.36
Ireland,Europe,2022,6.87,11.643,0.906,71.4,0.895,0.138,0.358
Ireland,Europe,2023,6.817,11.676,0.921,71.5,0.903,0.182,0.373
Italy,Europe,2014,6.027,10.594,0.898,71.5,0.624,-0.071,0.92
Italy,Europe,2015,5.848,10.603,0.909,71.6,0.575,-0.07,0.913
Italy,Europe,2016,5.955,10.617,0.927,71.675,0.624,-0.086,0.903
Italy,Europe,2017,6.199,10.635,0.92,71.75,0.633,-0.041,0.867
Italy,Europe,2018,6.517,10.647,0.913,71.825,0.65,-0.027,0.888
Italy,Europe,2019,6.445,10.663,0.838,71.9,0.709,-0.088,0.866
Italy,Europe,2020,6.488,10.574,0.89,71.975,0.718,-0.157,0.844
Italy,Europe,2021,6.467,10.647,0.886,72.05,0.703,-0.096,0.862
Italy,Europe,2022,6.258,10.687,0.869,72.125,0.711,0.026,0.819
Italy,Europe,2023,6.245,10.703,0.851,72.2,0.699,-0.053,0.819
Kosovo,Europe,2014,5,9.082,0.706,,0.441,0.01,0.775
Kosovo,Europe,2015,5.077,9.153,0.805,,0.561,0.177,0.851
Kosovo,Europe,2016,5.759,9.213,0.824,,0.827,0.12,0.941
Kosovo,Europe,2017,6.149,9.253,0.792,,0.858,0.112,0.925
Kosovo,Europe,2018,6.392,9.283,0.822,,0.89,0.264,0.922
Kosovo,Europe,2019,6.425,9.334,0.843,,0.841,0.242,0.92
Kosovo,Europe,2020,6.294,9.279,0.792,,0.88,0.302,0.91
Kosovo,Europe,2021,6.648,9.383,0.849,,0.84,0.258,0.842
Kosovo,Europe,2022,6.16,9.431,0.888,,0.865,0.208,0.846
Kosovo,Europe,2023,6.878,9.48,0.807,,0.9,0.285,0.811
Latvia,Europe,2014,5.729,10.143,0.881,65.5,0.671,-0.049,0.804
Latvia,Europe,2015,5.881,10.19,0.879,65.8,0.656,-0.084,0.808
Latvia,Europe,2016,5.94,10.222,0.917,65.9,0.685,-0.163,0.868
Latvia,Europe,2017,5.978,10.264,0.895,66,0.7,-0.161,0.798
Latvia,Europe,2018,5.901,10.311,0.913,66.1,0.608,-0.218,0.799
Latvia,Europe,2019,5.97,10.343,0.936,66.2,0.698,-0.2,0.789
Latvia,Europe,2020,6.229,10.328,0.928,66.3,0.82,-0.086,0.809
Latvia,Europe,2021,6.353,10.376,0.954,66.4,0.815,-0.104,0.84
Latvia,Europe,2022,6.055,10.396,0.928,66.5,0.817,0.018,0.844
Latvia,Europe,2023,6.296,10.408,0.932,66.6,0.816,0.059,0.8
Lithuania,Europe,2014,6.126,10.304,0.908,65.1,0.508,-0.269,0.956
Lithuania,Europe,2015,5.711,10.334,0.929,65.3,0.641,-0.259,0.924
Lithuania,Europe,2016,5.866,10.371,0.938,65.65,0.614,-0.272,0.949
Lithuania,Europe,2017,6.273,10.427,0.926,66,0.749,-0.179,0.79
Lithuania,Europe,2018,6.309,10.476,0.929,66.35,0.699,-0.243,0.852
Lithuania,Europe,2019,6.064,10.524,0.918,66.7,0.78,-0.258,0.783
Lithuania,Europe,2020,6.391,10.523,0.953,67.05,0.824,-0.129,0.829
Lithuania,Europe,2021,6.865,10.579,0.928,67.4,0.707,-0.121,0.878
Lithuania,Europe,2022,7.038,10.586,0.937,67.75,0.71,-0.192,0.685
Lithuania,Europe,2023,6.553,10.575,0.881,68.1,0.734,-0.232,0.751
Luxembourg,Europe,2014,6.891,11.638,0.875,71.3,0.938,0.097,0.366
Luxembourg,Europe,2015,6.702,11.637,0.934,71.5,0.932,0.044,0.375
Luxembourg,Europe,2016,6.967,11.664,0.941,71.525,0.882,0.011,0.356
Luxembourg,Europe,2017,7.061,11.653,0.905,71.55,0.903,0.036,0.33
Luxembourg,Europe,2018,7.243,11.645,0.902,71.575,0.884,-0.028,0.385
Luxembourg,Europe,2019,7.404,11.649,0.912,71.6,0.93,-0.051,0.39
Luxembourg,Europe,2022,7.228,11.657,0.878,71.675,0.915,0.023,0.345
Luxembourg,Europe,2023,7.016,11.649,0.879,71.7,0.911,0.033,0.343
Malta,Europe,2014,6.452,10.526,0.941,71.12,0.904,0.395,0.67
Malta,Europe,2015,6.613,10.594,0.919,71.3,0.912,0.339,0.664
Malta,Europe,2016,6.591,10.604,0.93,71.35,0.916,0.339,0.696
Malta,Europe,2017,6.676,10.681,0.937,71.4,0.924,0.244,0.69
Malta,Europe,2018,6.91,10.705,0.932,71.45,0.927,0.17,0.595
Malta,Europe,2019,6.733,10.734,0.922,71.5,0.924,0.077,0.689
Malta,Europe,2020,6.157,10.622,0.938,71.55,0.931,-0.005,0.675
Malta,Europe,2021,6.444,10.727,0.897,71.6,0.889,0.239,0.753
Malta,Europe,2022,6.299,10.784,0.932,71.65,0.838,0.246,0.758
Malta,Europe,2023,6.295,,0.912,71.7,0.851,,0.78
Moldova,Europe,2014,5.917,9.227,0.805,62.52,0.623,-0.118,0.925
Moldova,Europe,2015,6.017,9.232,0.84,62.9,0.595,-0.094,0.943
Moldova,Europe,2016,5.578,9.289,0.837,63.3,0.557,-0.052,0.969
Moldova,Europe,2017,5.326,9.347,0.831,63.7,0.553,-0.057,0.926
Moldova,Europe,2018,5.682,9.404,0.892,64.1,0.824,-0.089,0.929
Moldova,Europe,2019,5.803,9.455,0.809,64.5,0.784,-0.097,0.884
Moldova,Europe,2020,5.812,9.38,0.874,64.9,0.859,-0.058,0.941
Moldova,Europe,2021,5.959,9.518,0.88,65.3,0.833,-0.096,0.875
Moldova,Europe,2022,5.687,9.465,0.817,65.7,0.829,-0.084,0.885
Moldova,Europe,2023,5.801,9.492,0.842,66.1,0.844,-0.157,0.86
Montenegro,Europe,2014,5.283,9.78,0.863,66.52,0.503,0.091,0.768
Montenegro,Europe,2015,5.125,9.813,0.74,66.6,0.583,-0.15,0.781
Montenegro,Europe,2016,5.304,9.842,0.866,66.7,0.569,-0.093,0.849
Montenegro,Europe,2017,5.615,9.887,0.881,66.8,0.626,-0.089,0.756
Montenegro,Europe,2018,5.65,9.937,0.856,66.9,0.626,-0.057,0.769
Montenegro,Europe,2019,5.386,9.977,0.832,67,0.694,-0.111,0.82
Montenegro,Europe,2020,5.722,9.812,0.887,67.1,0.802,0.061,0.845
Montenegro,Europe,2022,5.6,10.002,0.875,67.3,0.778,-0.022,0.802
Montenegro,Europe,2023,5.813,10.041,0.853,67.4,0.799,-0.066,0.706
Netherlands,Europe,2014,7.321,10.863,0.909,71.06,0.91,0.326,0.457
Netherlands,Europe,2015,7.324,10.878,0.879,71.1,0.904,0.256,0.412
Netherlands,Europe,2016,7.541,10.894,0.926,71.175,0.907,0.233,0.433
Netherlands,Europe,2017,7.459,10.917,0.937,71.25,0.92,0.245,0.363
Netherlands,Europe,2018,7.463,10.934,0.939,71.325,0.92,0.156,0.371
Netherlands,Europe,2019,7.425,10.947,0.941,71.4,0.886,0.207,0.36
Netherlands,Europe,2020,7.504,10.902,0.944,71.475,0.935,0.145,0.281
Netherlands,Europe,2021,7.314,10.944,0.919,71.55,0.856,0.266,0.397
Netherlands,Europe,2022,7.39,10.978,0.929,71.625,0.868,0.223,0.459
Netherlands,Europe,2023,7.255,10.977,0.915,71.7,0.847,0.223,0.424
North Macedonia,Europe,2014,5.204,9.589,0.793,65.22,0.645,0.028,0.861
North Macedonia,Europe,2015,4.976,9.625,0.766,65.3,0.66,-0.053,0.824
North Macedonia,Europe,2016,5.346,9.652,0.871,65.5,0.706,0.073,0.87
North Macedonia,Europe,2017,5.234,9.662,0.8,65.7,0.752,-0.065,0.856
North Macedonia,Europe,2018,5.24,9.689,0.849,65.9,0.745,-0.048,0.91
North Macedonia,Europe,2019,5.015,9.728,0.815,66.1,0.725,0.018,0.923
North Macedonia,Europe,2020,5.054,9.666,0.75,66.3,0.787,0.127,0.877
North Macedonia,Europe,2021,5.535,9.724,0.809,66.5,0.793,0.188,0.884
North Macedonia,Europe,2022,5.167,9.749,0.85,66.7,0.723,0.068,0.937
North Macedonia,Europe,2023,5.403,9.776,0.883,66.9,0.738,0.123,0.917
Norway,Europe,2014,7.444,11.048,0.941,71,0.956,0.173,0.405
Norway,Europe,2015,7.603,11.057,0.947,71.2,0.948,0.249,0.299
Norway,Europe,2016,7.596,11.06,0.96,71.25,0.954,0.125,0.41
Norway,Europe,2017,7.579,11.076,0.95,71.3,0.953,0.228,0.25
Norway,Europe,2018,7.444,11.077,0.966,71.35,0.96,0.086,0.268
Norway,Europe,2019,7.442,11.082,0.942,71.4,0.954,0.103,0.271
Norway,Europe,2020,7.29,11.063,0.956,71.45,0.965,0.068,0.271
Norway,Europe,2021,7.362,11.096,0.948,71.5,0.936,0.166,0.263
Norway,Europe,2022,7.295,11.119,0.927,71.55,0.939,0.182,0.314
Norway,Europe,2023,7.249,11.125,0.952,71.6,0.938,0.219,0.245
Poland,Europe,2014,5.75,10.184,0.924,67.82,0.875,-0.069,0.898
Poland,Europe,2015,6.007,10.228,0.893,68,0.793,-0.098,0.81
Poland,Europe,2016,6.162,10.258,0.917,68.175,0.871,-0.096,0.848
Poland,Europe,2017,6.201,10.308,0.882,68.35,0.831,-0.127,0.639
Poland,Europe,2018,6.111,10.365,0.863,68.525,0.87,-0.26,0.72
Poland,Europe,2019,6.242,10.409,0.878,68.7,0.883,-0.237,0.696
Poland,Europe,2020,6.139,10.39,0.953,68.875,0.767,-0.014,0.787
Poland,Europe,2021,5.978,10.461,0.936,69.05,0.732,0.122,0.744
Poland,Europe,2022,6.666,10.513,0.886,69.225,0.8,-0.209,0.667
Poland,Europe,2023,6.685,10.527,0.89,69.4,0.775,-0.232,0.662
Portugal,Europe,2014,5.127,10.324,0.862,70.26,0.847,-0.132,0.941
Portugal,Europe,2015,5.081,10.346,0.866,70.5,0.8,-0.169,0.941
Portugal,Europe,2016,5.447,10.369,0.905,70.625,0.838,-0.231,0.922
Portugal,Europe,2017,5.711,10.406,0.9,70.75,0.905,-0.182,0.881
Portugal,Europe,2018,5.92,10.435,0.887,70.875,0.877,-0.267,0.88
Portugal,Europe,2019,6.095,10.462,0.876,71,0.882,-0.24,0.915
Portugal,Europe,2020,5.768,10.374,0.875,71.125,0.913,-0.244,0.867
Portugal,Europe,2021,6.183,10.425,0.895,71.25,0.892,-0.211,0.872
Portugal,Europe,2022,5.953,10.484,0.862,71.375,0.903,-0.139,0.893
Portugal,Europe,2023,5.954,10.504,0.895,71.5,0.847,-0.176,0.889
Romania,Europe,2014,5.727,10.047,0.753,66.12,0.754,-0.107,0.958
Romania,Europe,2015,5.777,10.083,0.787,66.3,0.796,-0.147,0.962
Romania,Europe,2016,5.969,10.117,0.809,66.425,0.822,-0.12,0.949
Romania,Europe,2017,6.09,10.201,0.811,66.55,0.839,-0.165,0.926
Romania,Europe,2018,6.151,10.266,0.818,66.675,0.845,-0.224,0.921
Romania,Europe,2019,6.13,10.309,0.842,66.8,0.848,-0.228,0.954
Romania,Europe,2020,6.785,10.277,0.869,66.925,0.863,-0.161,0.918
Romania,Europe,2021,6.549,10.341,0.835,67.05,0.871,-0.187,0.928
Romania,Europe,2022,6.437,10.396,0.83,67.175,0.836,-0.173,0.941
Romania,Europe,2023,6.489,10.431,0.826,67.3,0.849,-0.202,0.905
Serbia,Europe,2014,5.113,9.631,0.783,66.26,0.532,0.066,0.912
Serbia,Europe,2015,5.318,9.654,0.816,66.4,0.546,-0.068,0.859
Serbia,Europe,2016,5.753,9.692,0.895,66.525,0.614,-0.074,0.89
Serbia,Europe,2017,5.122,9.718,0.884,66.65,0.685,-0.084,0.851
Serbia,Europe,2018,5.936,9.767,0.853,66.775,0.74,-0.106,0.864
Serbia,Europe,2019,6.241,9.815,0.903,66.9,0.753,-0.046,0.813
Serbia,Europe,2020,6.042,9.813,0.852,67.025,0.843,0.142,0.824
Serbia,Europe,2021,6.245,9.895,0.89,67.15,0.85,0.261,0.806
Serbia,Europe,2022,6.546,9.928,0.896,67.275,0.782,0.074,0.801
Serbia,Europe,2023,6.441,9.961,0.895,67.4,0.807,0.085,0.782
Slovakia,Europe,2014,6.139,10.219,0.924,67.38,0.635,-0.13,0.914
Slovakia,Europe,2015,6.162,10.268,0.943,67.6,0.587,-0.132,0.928
Slovakia,Europe,2016,5.993,10.286,0.945,67.825,0.7,-0.065,0.917
Slovakia,Europe,2017,6.366,10.314,0.913,68.05,0.714,-0.059,0.92
Slovakia,Europe,2018,6.235,10.352,0.922,68.275,0.758,-0.172,0.91
Slovakia,Europe,2019,6.243,10.375,0.933,68.5,0.771,-0.133,0.926
Slovakia,Europe,2020,6.519,10.34,0.954,68.725,0.762,-0.081,0.901
Slovakia,Europe,2021,6.419,10.39,0.951,68.95,0.742,0.042,0.896
Slovakia,Europe,2022,6.091,10.409,0.961,69.175,0.732,-0.129,0.841
Slovakia,Europe,2023,6.261,10.425,0.941,69.4,0.753,-0.136,0.825
Slovenia,Europe,2014,5.678,10.407,0.908,69.84,0.888,0.047,0.909
Slovenia,Europe,2015,5.741,10.428,0.901,70,0.896,0.002,0.892
Slovenia,Europe,2016,5.937,10.459,0.934,70.175,0.904,-0.06,0.838
Slovenia,Europe,2017,6.167,10.505,0.928,70.35,0.921,-0.031,0.829
Slovenia,Europe,2018,6.249,10.545,0.941,70.525,0.942,-0.125,0.839
Slovenia,Europe,2019,6.665,10.572,0.949,70.7,0.945,-0.108,0.785
Slovenia,Europe,2020,6.462,10.521,0.953,70.875,0.958,-0.09,0.797
Slovenia,Europe,2021,6.761,10.598,0.955,71.05,0.851,0.026,0.754
Slovenia,Europe,2022,6.723,10.65,0.942,71.225,0.93,0.099,0.762
Slovenia,Europe,2023,6.746,10.664,0.911,71.4,0.931,0.031,0.75
Spain,Europe,2014,6.456,10.491,0.948,71.48,0.738,-0.034,0.854
Spain,Europe,2015,6.381,10.529,0.956,71.6,0.732,-0.078,0.822
Spain,Europe,2016,6.319,10.558,0.942,71.725,0.768,-0.054,0.819
Spain,Europe,2017,6.23,10.585,0.903,71.85,0.756,-0.038,0.791
Spain,Europe,2018,6.513,10.604,0.91,71.975,0.722,-0.081,0.777
Spain,Europe,2019,6.457,10.616,0.949,72.1,0.778,-0.054,0.73
Spain,Europe,2020,6.502,10.491,0.935,72.225,0.783,-0.127,0.73
Spain,Europe,2021,6.47,10.544,0.926,72.35,0.782,-0.076,0.729
Spain,Europe,2022,6.337,10.592,0.934,72.475,0.781,-0.001,0.673
Spain,Europe,2023,6.456,10.609,0.912,72.6,0.779,-0.004,0.675
Sweden,Europe,2014,7.239,10.805,0.933,71.36,0.945,0.197,0.25
Sweden,Europe,2015,7.289,10.838,0.929,71.4,0.935,0.206,0.232
Sweden,Europe,2016,7.369,10.846,0.912,71.525,0.918,0.141,0.246
Sweden,Europe,2017,7.287,10.858,0.914,71.65,0.935,0.165,0.239
Sweden,Europe,2018,7.375,10.866,0.931,71.775,0.942,0.072,0.263
Sweden,Europe,2019,7.398,10.875,0.934,71.9,0.942,0.085,0.25
Sweden,Europe,2020,7.314,10.846,0.936,72.025,0.951,0.084,0.203
Sweden,Europe,2021,7.439,10.893,0.932,72.15,0.953,0.172,0.191
Sweden,Europe,2022,7.431,10.912,0.949,72.275,0.939,0.232,0.213
Sweden,Europe,2023,7.161,10.902,0.927,72.4,0.926,0.147,0.253
Switzerland,Europe,2014,7.493,11.111,0.959,71.64,0.949,0.053,0.283
Switzerland,Europe,2015,7.572,11.116,0.938,71.7,0.928,0.102,0.21
Switzerland,Europe,2016,7.459,11.126,0.928,71.9,0.934,0.081,0.302
Switzerland,Europe,2017,7.474,11.13,0.95,72.1,0.925,0.173,0.316
Switzerland,Europe,2018,7.509,11.151,0.93,72.3,0.926,0.094,0.301
Switzerland,Europe,2019,7.694,11.155,0.949,72.5,0.913,0.029,0.294
Switzerland,Europe,2020,7.508,11.124,0.946,72.7,0.917,-0.073,0.28
Switzerland,Europe,2021,7.328,11.158,0.934,72.9,0.908,0.024,0.287
Switzerland,Europe,2022,6.884,11.17,0.881,73.1,0.848,0.128,0.235
Switzerland,Europe,2023,6.969,11.169,0.904,73.3,0.891,0.104,0.247
Ukraine,Europe,2014,4.297,9.424,0.877,63.48,0.533,0.078,0.927
Ukraine,Europe,2015,3.965,9.325,0.909,63.8,0.431,-0.039,0.952
Ukraine,Europe,2016,4.029,9.353,0.885,63.925,0.503,0.005,0.891
Ukraine,Europe,2017,4.311,9.381,0.858,64.05,0.599,-0.008,0.937
Ukraine,Europe,2018,4.662,9.42,0.901,64.175,0.663,-0.08,0.943
Ukraine,Europe,2019,4.702,9.458,0.883,64.3,0.715,-0.087,0.885
Ukraine,Europe,2020,5.27,9.426,0.885,64.425,0.784,0.121,0.946
Ukraine,Europe,2021,5.311,9.469,0.879,64.55,0.77,0.166,0.922
Ukraine,Europe,2022,4.637,9.281,0.863,64.675,0.829,0.408,0.852
Ukraine,Europe,2023,4.672,9.423,0.839,64.8,0.772,0.37,0.922
United Kingdom,Europe,2014,6.758,10.692,0.91,69.64,0.857,0.349,0.484
United Kingdom,Europe,2015,6.515,10.707,0.936,69.7,0.833,0.294,0.456
United Kingdom,Europe,2016,6.824,10.721,0.954,69.8,0.821,0.244,0.458
United Kingdom,Europe,2017,7.103,10.739,0.937,69.9,0.813,0.285,0.419
United Kingdom,Europe,2018,7.233,10.75,0.928,70,0.838,0.22,0.404
United Kingdom,Europe,2019,7.157,10.76,0.943,70.1,0.854,0.264,0.485
United Kingdom,Europe,2020,6.798,10.639,0.929,70.2,0.885,0.196,0.49
United Kingdom,Europe,2021,6.867,10.713,0.854,70.3,0.815,0.252,0.448
United Kingdom,Europe,2022,6.722,10.754,0.863,70.4,0.857,0.308,0.426
United Kingdom,Europe,2023,6.658,10.759,0.886,70.5,0.874,0.27,0.49